cod_comuna,comuna,categoria,minutos
13130,San Miguel,salud,4.25
13130,San Miguel,educacion,5.216666666666667
13130,San Miguel,supermercados,12.25
13130,San Miguel,areas_verdes,7.916666666666667
13118,Macul,salud,8.85
13118,Macul,educacion,5.716666666666667
13118,Macul,supermercados,13.233333333333333
13118,Macul,areas_verdes,2.6166666666666667
13119,Maipú,salud,25.55
13119,Maipú,educacion,19.9
13119,Maipú,supermercados,18.616666666666667
13119,Maipú,areas_verdes,31.0
13123,Providencia,salud,3.333333333333333
13123,Providencia,educacion,4.716666666666667
13123,Providencia,supermercados,7.183333333333334
13123,Providencia,areas_verdes,6.083333333333333
13131,San Ramón,salud,4.783333333333333
13131,San Ramón,educacion,5.533333333333333
13131,San Ramón,supermercados,9.466666666666669
13131,San Ramón,areas_verdes,4.083333333333333
13120,Ñuñoa,salud,4.833333333333333
13120,Ñuñoa,educacion,1.8666666666666667
13120,Ñuñoa,supermercados,9.05
13120,Ñuñoa,areas_verdes,5.183333333333334
13603,Isla de Maipo,salud,62.81666666666667
13603,Isla de Maipo,educacion,86.9
13603,Isla de Maipo,supermercados,151.1
13603,Isla de Maipo,areas_verdes,56.18333333333333
13601,Talagante,salud,71.41666666666667
13601,Talagante,educacion,41.66666666666666
13601,Talagante,supermercados,72.38333333333334
13601,Talagante,areas_verdes,76.86666666666666
13102,Cerrillos,salud,6.9
13102,Cerrillos,educacion,3.6666666666666665
13102,Cerrillos,supermercados,24.916666666666668
13102,Cerrillos,areas_verdes,3.4166666666666665
13113,La Reina,salud,12.433333333333334
13113,La Reina,educacion,12.433333333333334
13113,La Reina,supermercados,12.65
13113,La Reina,areas_verdes,3.95
13302,Lampa,salud,1.2833333333333334
13302,Lampa,educacion,4.716666666666667
13302,Lampa,supermercados,26.166666666666668
13302,Lampa,areas_verdes,8.583333333333334
13202,Pirque,salud,77.68333333333334
13202,Pirque,educacion,71.46666666666667
13202,Pirque,supermercados,186.41666666666663
13202,Pirque,areas_verdes,207.35
13105,El Bosque,salud,2.5166666666666666
13105,El Bosque,educacion,1.2
13105,El Bosque,supermercados,19.23333333333333
13105,El Bosque,areas_verdes,3.716666666666667
13108,Independencia,salud,9.316666666666666
13108,Independencia,educacion,5.516666666666667
13108,Independencia,supermercados,3.05
13108,Independencia,areas_verdes,3.65
13403,Calera de Tango,salud,12.166666666666666
13403,Calera de Tango,educacion,12.45
13403,Calera de Tango,supermercados,17.316666666666666
13403,Calera de Tango,areas_verdes,17.383333333333333
13117,Lo Prado,salud,12.25
13117,Lo Prado,educacion,5.933333333333334
13117,Lo Prado,supermercados,5.333333333333333
13117,Lo Prado,areas_verdes,0.9833333333333332
13301,Colina,salud,
13301,Colina,educacion,
13301,Colina,supermercados,
13301,Colina,areas_verdes,
13127,Recoleta,salud,8.866666666666667
13127,Recoleta,educacion,5.883333333333334
13127,Recoleta,supermercados,4.766666666666667
13127,Recoleta,areas_verdes,4.916666666666667
13402,Buin,salud,17.866666666666667
13402,Buin,educacion,15.966666666666669
13402,Buin,supermercados,184.9
13402,Buin,areas_verdes,16.566666666666666
13128,Renca,salud,17.6
13128,Renca,educacion,1.35
13128,Renca,supermercados,16.533333333333335
13128,Renca,areas_verdes,1.65
13124,Pudahuel,salud,47.016666666666666
13124,Pudahuel,educacion,32.4
13124,Pudahuel,supermercados,66.9
13124,Pudahuel,areas_verdes,104.81666666666666
13107,Huechuraba,salud,9.083333333333334
13107,Huechuraba,educacion,8.883333333333333
13107,Huechuraba,supermercados,30.83333333333333
13107,Huechuraba,areas_verdes,5.033333333333333
13501,Melipilla,salud,13.85
13501,Melipilla,educacion,48.28333333333333
13501,Melipilla,supermercados,
13501,Melipilla,areas_verdes,
13504,María Pinto,salud,32.083333333333336
13504,María Pinto,educacion,33.833333333333336
13504,María Pinto,supermercados,21.466666666666665
13504,María Pinto,areas_verdes,140.95
13112,La Pintana,salud,3.65
13112,La Pintana,educacion,16.05
13112,La Pintana,supermercados,13.1
13112,La Pintana,areas_verdes,7.533333333333333
13126,Quinta Normal,salud,14.233333333333333
13126,Quinta Normal,educacion,1.8833333333333333
13126,Quinta Normal,supermercados,5.033333333333333
13126,Quinta Normal,areas_verdes,3.25
13111,La Granja,salud,13.35
13111,La Granja,educacion,3.35
13111,La Granja,supermercados,23.383333333333333
13111,La Granja,areas_verdes,1.0833333333333333
13201,Puente Alto,salud,12.9
13201,Puente Alto,educacion,7.383333333333334
13201,Puente Alto,supermercados,3.1666666666666665
13201,Puente Alto,areas_verdes,12.633333333333333
13404,Paine,salud,53.11666666666667
13404,Paine,educacion,17.866666666666667
13404,Paine,supermercados,
13404,Paine,areas_verdes,17.15
13132,Vitacura,salud,18.766666666666666
13132,Vitacura,educacion,6.866666666666666
13132,Vitacura,supermercados,8.683333333333334
13132,Vitacura,areas_verdes,5.633333333333334
13125,Quilicura,salud,4.566666666666666
13125,Quilicura,educacion,5.3
13125,Quilicura,supermercados,7.483333333333333
13125,Quilicura,areas_verdes,7.183333333333334
13101,Santiago,salud,6.283333333333333
13101,Santiago,educacion,5.833333333333333
13101,Santiago,supermercados,3.3833333333333333
13101,Santiago,areas_verdes,7.2
13503,Curacaví,salud,67.01666666666667
13503,Curacaví,educacion,66.2
13503,Curacaví,supermercados,84.41666666666667
13503,Curacaví,areas_verdes,56.2
13605,Peñaflor,salud,1.7666666666666666
13605,Peñaflor,educacion,1.9333333333333331
13605,Peñaflor,supermercados,13.85
13605,Peñaflor,areas_verdes,22.08333333333333
13602,El Monte,salud,68.86666666666666
13602,El Monte,educacion,47.36666666666667
13602,El Monte,supermercados,119.61666666666666
13602,El Monte,areas_verdes,43.266666666666666
13104,Conchalí,salud,13.116666666666667
13104,Conchalí,educacion,2.283333333333333
13104,Conchalí,supermercados,14.733333333333333
13104,Conchalí,areas_verdes,1.7
13109,La Cisterna,salud,5.1
13109,La Cisterna,educacion,2.9833333333333334
13109,La Cisterna,supermercados,7.033333333333333
13109,La Cisterna,areas_verdes,7.1
13106,Estación Central,salud,13.666666666666666
13106,Estación Central,educacion,2.2666666666666666
13106,Estación Central,supermercados,8.1
13106,Estación Central,areas_verdes,0.75
13401,San Bernardo,salud,46.18333333333333
13401,San Bernardo,educacion,25.78333333333333
13401,San Bernardo,supermercados,42.9
13401,San Bernardo,areas_verdes,36.61666666666667
13115,Lo Barnechea,salud,105.61666666666666
13115,Lo Barnechea,educacion,
13115,Lo Barnechea,supermercados,
13115,Lo Barnechea,areas_verdes,
13502,Alhué,salud,59.68333333333333
13502,Alhué,educacion,57.85
13502,Alhué,supermercados,
13502,Alhué,areas_verdes,53.2
13203,San José de Maipo,salud,
13203,San José de Maipo,educacion,
13203,San José de Maipo,supermercados,
13203,San José de Maipo,areas_verdes,
13103,Cerro Navia,salud,4.566666666666666
13103,Cerro Navia,educacion,2.8666666666666667
13103,Cerro Navia,supermercados,10.6
13103,Cerro Navia,areas_verdes,0.2833333333333333
13116,Lo Espejo,salud,11.983333333333333
13116,Lo Espejo,educacion,1.45
13116,Lo Espejo,supermercados,28.35
13116,Lo Espejo,areas_verdes,0.85
13110,La Florida,salud,75.83333333333333
13110,La Florida,educacion,73.81666666666666
13110,La Florida,supermercados,72.05
13110,La Florida,areas_verdes,0.2666666666666666
13303,Tiltil,salud,
13303,Tiltil,educacion,
13303,Tiltil,supermercados,
13303,Tiltil,areas_verdes,
13129,San Joaquín,salud,8.216666666666667
13129,San Joaquín,educacion,1.9166666666666667
13129,San Joaquín,supermercados,12.95
13129,San Joaquín,areas_verdes,2.933333333333333
13604,Padre Hurtado,salud,149.03333333333333
13604,Padre Hurtado,educacion,12.933333333333334
13604,Padre Hurtado,supermercados,72.11666666666666
13604,Padre Hurtado,areas_verdes,72.31666666666666
13121,Pedro Aguirre Cerda,salud,3.75
13121,Pedro Aguirre Cerda,educacion,4.016666666666667
13121,Pedro Aguirre Cerda,supermercados,9.883333333333333
13121,Pedro Aguirre Cerda,areas_verdes,5.616666666666666
13114,Las Condes,salud,27.83333333333333
13114,Las Condes,educacion,24.33333333333333
13114,Las Condes,supermercados,40.583333333333336
13114,Las Condes,areas_verdes,13.65
13505,San Pedro,salud,88.45
13505,San Pedro,educacion,37.75
13505,San Pedro,supermercados,
13505,San Pedro,areas_verdes,107.43333333333334
13122,Peñalolén,salud,16.833333333333332
13122,Peñalolén,educacion,5.816666666666666
13122,Peñalolén,supermercados,17.516666666666666
13122,Peñalolén,areas_verdes,6.933333333333334
13130,San Miguel,educacion_escolar,
13130,San Miguel,educacion_superior,
13130,San Miguel,carabineros,
13130,San Miguel,bomberos,
13130,San Miguel,metro_tren,
13130,San Miguel,micro,
13130,San Miguel,deporte_infra,
13130,San Miguel,municipios,
13130,San Miguel,ferias_libres,
13130,San Miguel,iglesias,
13130,San Miguel,museos,
13130,San Miguel,almacenes_barrio,
13130,San Miguel,bancos,
13130,San Miguel,malls,
13130,San Miguel,bencineras,
13130,San Miguel,estadios,
13118,Macul,educacion_escolar,
13118,Macul,educacion_superior,
13118,Macul,carabineros,
13118,Macul,bomberos,
13118,Macul,metro_tren,
13118,Macul,micro,
13118,Macul,deporte_infra,
13118,Macul,municipios,
13118,Macul,ferias_libres,
13118,Macul,iglesias,
13118,Macul,museos,
13118,Macul,almacenes_barrio,
13118,Macul,bancos,
13118,Macul,malls,
13118,Macul,bencineras,
13118,Macul,estadios,
13119,Maipú,educacion_escolar,
13119,Maipú,educacion_superior,
13119,Maipú,carabineros,
13119,Maipú,bomberos,
13119,Maipú,metro_tren,
13119,Maipú,micro,
13119,Maipú,deporte_infra,
13119,Maipú,municipios,
13119,Maipú,ferias_libres,
13119,Maipú,iglesias,
13119,Maipú,museos,
13119,Maipú,almacenes_barrio,
13119,Maipú,bancos,
13119,Maipú,malls,
13119,Maipú,bencineras,
13119,Maipú,estadios,
13123,Providencia,educacion_escolar,
13123,Providencia,educacion_superior,
13123,Providencia,carabineros,
13123,Providencia,bomberos,
13123,Providencia,metro_tren,
13123,Providencia,micro,
13123,Providencia,deporte_infra,
13123,Providencia,municipios,
13123,Providencia,ferias_libres,
13123,Providencia,iglesias,
13123,Providencia,museos,
13123,Providencia,almacenes_barrio,
13123,Providencia,bancos,
13123,Providencia,malls,
13123,Providencia,bencineras,
13123,Providencia,estadios,
13131,San Ramón,educacion_escolar,
13131,San Ramón,educacion_superior,
13131,San Ramón,carabineros,
13131,San Ramón,bomberos,
13131,San Ramón,metro_tren,
13131,San Ramón,micro,
13131,San Ramón,deporte_infra,
13131,San Ramón,municipios,
13131,San Ramón,ferias_libres,
13131,San Ramón,iglesias,
13131,San Ramón,museos,
13131,San Ramón,almacenes_barrio,
13131,San Ramón,bancos,
13131,San Ramón,malls,
13131,San Ramón,bencineras,
13131,San Ramón,estadios,
13120,Ñuñoa,educacion_escolar,
13120,Ñuñoa,educacion_superior,
13120,Ñuñoa,carabineros,
13120,Ñuñoa,bomberos,
13120,Ñuñoa,metro_tren,
13120,Ñuñoa,micro,
13120,Ñuñoa,deporte_infra,
13120,Ñuñoa,municipios,
13120,Ñuñoa,ferias_libres,
13120,Ñuñoa,iglesias,
13120,Ñuñoa,museos,
13120,Ñuñoa,almacenes_barrio,
13120,Ñuñoa,bancos,
13120,Ñuñoa,malls,
13120,Ñuñoa,bencineras,
13120,Ñuñoa,estadios,
13603,Isla de Maipo,educacion_escolar,
13603,Isla de Maipo,educacion_superior,
13603,Isla de Maipo,carabineros,
13603,Isla de Maipo,bomberos,
13603,Isla de Maipo,metro_tren,
13603,Isla de Maipo,micro,
13603,Isla de Maipo,deporte_infra,
13603,Isla de Maipo,municipios,
13603,Isla de Maipo,ferias_libres,
13603,Isla de Maipo,iglesias,
13603,Isla de Maipo,museos,
13603,Isla de Maipo,almacenes_barrio,
13603,Isla de Maipo,bancos,
13603,Isla de Maipo,malls,
13603,Isla de Maipo,bencineras,
13603,Isla de Maipo,estadios,
13601,Talagante,educacion_escolar,
13601,Talagante,educacion_superior,
13601,Talagante,carabineros,
13601,Talagante,bomberos,
13601,Talagante,metro_tren,
13601,Talagante,micro,
13601,Talagante,deporte_infra,
13601,Talagante,municipios,
13601,Talagante,ferias_libres,
13601,Talagante,iglesias,
13601,Talagante,museos,
13601,Talagante,almacenes_barrio,
13601,Talagante,bancos,
13601,Talagante,malls,
13601,Talagante,bencineras,
13601,Talagante,estadios,
13102,Cerrillos,educacion_escolar,
13102,Cerrillos,educacion_superior,
13102,Cerrillos,carabineros,
13102,Cerrillos,bomberos,
13102,Cerrillos,metro_tren,
13102,Cerrillos,micro,
13102,Cerrillos,deporte_infra,
13102,Cerrillos,municipios,
13102,Cerrillos,ferias_libres,
13102,Cerrillos,iglesias,
13102,Cerrillos,museos,
13102,Cerrillos,almacenes_barrio,
13102,Cerrillos,bancos,
13102,Cerrillos,malls,
13102,Cerrillos,bencineras,
13102,Cerrillos,estadios,
13113,La Reina,educacion_escolar,
13113,La Reina,educacion_superior,
13113,La Reina,carabineros,
13113,La Reina,bomberos,
13113,La Reina,metro_tren,
13113,La Reina,micro,
13113,La Reina,deporte_infra,
13113,La Reina,municipios,
13113,La Reina,ferias_libres,
13113,La Reina,iglesias,
13113,La Reina,museos,
13113,La Reina,almacenes_barrio,
13113,La Reina,bancos,
13113,La Reina,malls,
13113,La Reina,bencineras,
13113,La Reina,estadios,
13302,Lampa,educacion_escolar,
13302,Lampa,educacion_superior,
13302,Lampa,carabineros,
13302,Lampa,bomberos,
13302,Lampa,metro_tren,
13302,Lampa,micro,
13302,Lampa,deporte_infra,
13302,Lampa,municipios,
13302,Lampa,ferias_libres,
13302,Lampa,iglesias,
13302,Lampa,museos,
13302,Lampa,almacenes_barrio,
13302,Lampa,bancos,
13302,Lampa,malls,
13302,Lampa,bencineras,
13302,Lampa,estadios,
13202,Pirque,educacion_escolar,
13202,Pirque,educacion_superior,
13202,Pirque,carabineros,
13202,Pirque,bomberos,
13202,Pirque,metro_tren,
13202,Pirque,micro,
13202,Pirque,deporte_infra,
13202,Pirque,municipios,
13202,Pirque,ferias_libres,
13202,Pirque,iglesias,
13202,Pirque,museos,
13202,Pirque,almacenes_barrio,
13202,Pirque,bancos,
13202,Pirque,malls,
13202,Pirque,bencineras,
13202,Pirque,estadios,
13105,El Bosque,educacion_escolar,
13105,El Bosque,educacion_superior,
13105,El Bosque,carabineros,
13105,El Bosque,bomberos,
13105,El Bosque,metro_tren,
13105,El Bosque,micro,
13105,El Bosque,deporte_infra,
13105,El Bosque,municipios,
13105,El Bosque,ferias_libres,
13105,El Bosque,iglesias,
13105,El Bosque,museos,
13105,El Bosque,almacenes_barrio,
13105,El Bosque,bancos,
13105,El Bosque,malls,
13105,El Bosque,bencineras,
13105,El Bosque,estadios,
13108,Independencia,educacion_escolar,
13108,Independencia,educacion_superior,
13108,Independencia,carabineros,
13108,Independencia,bomberos,
13108,Independencia,metro_tren,
13108,Independencia,micro,
13108,Independencia,deporte_infra,
13108,Independencia,municipios,
13108,Independencia,ferias_libres,
13108,Independencia,iglesias,
13108,Independencia,museos,
13108,Independencia,almacenes_barrio,
13108,Independencia,bancos,
13108,Independencia,malls,
13108,Independencia,bencineras,
13108,Independencia,estadios,
13403,Calera de Tango,educacion_escolar,
13403,Calera de Tango,educacion_superior,
13403,Calera de Tango,carabineros,
13403,Calera de Tango,bomberos,
13403,Calera de Tango,metro_tren,
13403,Calera de Tango,micro,
13403,Calera de Tango,deporte_infra,
13403,Calera de Tango,municipios,
13403,Calera de Tango,ferias_libres,
13403,Calera de Tango,iglesias,
13403,Calera de Tango,museos,
13403,Calera de Tango,almacenes_barrio,
13403,Calera de Tango,bancos,
13403,Calera de Tango,malls,
13403,Calera de Tango,bencineras,
13403,Calera de Tango,estadios,
13117,Lo Prado,educacion_escolar,
13117,Lo Prado,educacion_superior,
13117,Lo Prado,carabineros,
13117,Lo Prado,bomberos,
13117,Lo Prado,metro_tren,
13117,Lo Prado,micro,
13117,Lo Prado,deporte_infra,
13117,Lo Prado,municipios,
13117,Lo Prado,ferias_libres,
13117,Lo Prado,iglesias,
13117,Lo Prado,museos,
13117,Lo Prado,almacenes_barrio,
13117,Lo Prado,bancos,
13117,Lo Prado,malls,
13117,Lo Prado,bencineras,
13117,Lo Prado,estadios,
13301,Colina,educacion_escolar,
13301,Colina,educacion_superior,
13301,Colina,carabineros,
13301,Colina,bomberos,
13301,Colina,metro_tren,
13301,Colina,micro,
13301,Colina,deporte_infra,
13301,Colina,municipios,
13301,Colina,ferias_libres,
13301,Colina,iglesias,
13301,Colina,museos,
13301,Colina,almacenes_barrio,
13301,Colina,bancos,
13301,Colina,malls,
13301,Colina,bencineras,
13301,Colina,estadios,
13127,Recoleta,educacion_escolar,
13127,Recoleta,educacion_superior,
13127,Recoleta,carabineros,
13127,Recoleta,bomberos,
13127,Recoleta,metro_tren,
13127,Recoleta,micro,
13127,Recoleta,deporte_infra,
13127,Recoleta,municipios,
13127,Recoleta,ferias_libres,
13127,Recoleta,iglesias,
13127,Recoleta,museos,
13127,Recoleta,almacenes_barrio,
13127,Recoleta,bancos,
13127,Recoleta,malls,
13127,Recoleta,bencineras,
13127,Recoleta,estadios,
13402,Buin,educacion_escolar,
13402,Buin,educacion_superior,
13402,Buin,carabineros,
13402,Buin,bomberos,
13402,Buin,metro_tren,
13402,Buin,micro,
13402,Buin,deporte_infra,
13402,Buin,municipios,
13402,Buin,ferias_libres,
13402,Buin,iglesias,
13402,Buin,museos,
13402,Buin,almacenes_barrio,
13402,Buin,bancos,
13402,Buin,malls,
13402,Buin,bencineras,
13402,Buin,estadios,
13128,Renca,educacion_escolar,
13128,Renca,educacion_superior,
13128,Renca,carabineros,
13128,Renca,bomberos,
13128,Renca,metro_tren,
13128,Renca,micro,
13128,Renca,deporte_infra,
13128,Renca,municipios,
13128,Renca,ferias_libres,
13128,Renca,iglesias,
13128,Renca,museos,
13128,Renca,almacenes_barrio,
13128,Renca,bancos,
13128,Renca,malls,
13128,Renca,bencineras,
13128,Renca,estadios,
13124,Pudahuel,educacion_escolar,
13124,Pudahuel,educacion_superior,
13124,Pudahuel,carabineros,
13124,Pudahuel,bomberos,
13124,Pudahuel,metro_tren,
13124,Pudahuel,micro,
13124,Pudahuel,deporte_infra,
13124,Pudahuel,municipios,
13124,Pudahuel,ferias_libres,
13124,Pudahuel,iglesias,
13124,Pudahuel,museos,
13124,Pudahuel,almacenes_barrio,
13124,Pudahuel,bancos,
13124,Pudahuel,malls,
13124,Pudahuel,bencineras,
13124,Pudahuel,estadios,
13107,Huechuraba,educacion_escolar,
13107,Huechuraba,educacion_superior,
13107,Huechuraba,carabineros,
13107,Huechuraba,bomberos,
13107,Huechuraba,metro_tren,
13107,Huechuraba,micro,
13107,Huechuraba,deporte_infra,
13107,Huechuraba,municipios,
13107,Huechuraba,ferias_libres,
13107,Huechuraba,iglesias,
13107,Huechuraba,museos,
13107,Huechuraba,almacenes_barrio,
13107,Huechuraba,bancos,
13107,Huechuraba,malls,
13107,Huechuraba,bencineras,
13107,Huechuraba,estadios,
13501,Melipilla,educacion_escolar,
13501,Melipilla,educacion_superior,
13501,Melipilla,carabineros,
13501,Melipilla,bomberos,
13501,Melipilla,metro_tren,
13501,Melipilla,micro,
13501,Melipilla,deporte_infra,
13501,Melipilla,municipios,
13501,Melipilla,ferias_libres,
13501,Melipilla,iglesias,
13501,Melipilla,museos,
13501,Melipilla,almacenes_barrio,
13501,Melipilla,bancos,
13501,Melipilla,malls,
13501,Melipilla,bencineras,
13501,Melipilla,estadios,
13504,María Pinto,educacion_escolar,
13504,María Pinto,educacion_superior,
13504,María Pinto,carabineros,
13504,María Pinto,bomberos,
13504,María Pinto,metro_tren,
13504,María Pinto,micro,
13504,María Pinto,deporte_infra,
13504,María Pinto,municipios,
13504,María Pinto,ferias_libres,
13504,María Pinto,iglesias,
13504,María Pinto,museos,
13504,María Pinto,almacenes_barrio,
13504,María Pinto,bancos,
13504,María Pinto,malls,
13504,María Pinto,bencineras,
13504,María Pinto,estadios,
13112,La Pintana,educacion_escolar,
13112,La Pintana,educacion_superior,
13112,La Pintana,carabineros,
13112,La Pintana,bomberos,
13112,La Pintana,metro_tren,
13112,La Pintana,micro,
13112,La Pintana,deporte_infra,
13112,La Pintana,municipios,
13112,La Pintana,ferias_libres,
13112,La Pintana,iglesias,
13112,La Pintana,museos,
13112,La Pintana,almacenes_barrio,
13112,La Pintana,bancos,
13112,La Pintana,malls,
13112,La Pintana,bencineras,
13112,La Pintana,estadios,
13126,Quinta Normal,educacion_escolar,
13126,Quinta Normal,educacion_superior,
13126,Quinta Normal,carabineros,
13126,Quinta Normal,bomberos,
13126,Quinta Normal,metro_tren,
13126,Quinta Normal,micro,
13126,Quinta Normal,deporte_infra,
13126,Quinta Normal,municipios,
13126,Quinta Normal,ferias_libres,
13126,Quinta Normal,iglesias,
13126,Quinta Normal,museos,
13126,Quinta Normal,almacenes_barrio,
13126,Quinta Normal,bancos,
13126,Quinta Normal,malls,
13126,Quinta Normal,bencineras,
13126,Quinta Normal,estadios,
13111,La Granja,educacion_escolar,
13111,La Granja,educacion_superior,
13111,La Granja,carabineros,
13111,La Granja,bomberos,
13111,La Granja,metro_tren,
13111,La Granja,micro,
13111,La Granja,deporte_infra,
13111,La Granja,municipios,
13111,La Granja,ferias_libres,
13111,La Granja,iglesias,
13111,La Granja,museos,
13111,La Granja,almacenes_barrio,
13111,La Granja,bancos,
13111,La Granja,malls,
13111,La Granja,bencineras,
13111,La Granja,estadios,
13201,Puente Alto,educacion_escolar,
13201,Puente Alto,educacion_superior,
13201,Puente Alto,carabineros,
13201,Puente Alto,bomberos,
13201,Puente Alto,metro_tren,
13201,Puente Alto,micro,
13201,Puente Alto,deporte_infra,
13201,Puente Alto,municipios,
13201,Puente Alto,ferias_libres,
13201,Puente Alto,iglesias,
13201,Puente Alto,museos,
13201,Puente Alto,almacenes_barrio,
13201,Puente Alto,bancos,
13201,Puente Alto,malls,
13201,Puente Alto,bencineras,
13201,Puente Alto,estadios,
13404,Paine,educacion_escolar,
13404,Paine,educacion_superior,
13404,Paine,carabineros,
13404,Paine,bomberos,
13404,Paine,metro_tren,
13404,Paine,micro,
13404,Paine,deporte_infra,
13404,Paine,municipios,
13404,Paine,ferias_libres,
13404,Paine,iglesias,
13404,Paine,museos,
13404,Paine,almacenes_barrio,
13404,Paine,bancos,
13404,Paine,malls,
13404,Paine,bencineras,
13404,Paine,estadios,
13132,Vitacura,educacion_escolar,
13132,Vitacura,educacion_superior,
13132,Vitacura,carabineros,
13132,Vitacura,bomberos,
13132,Vitacura,metro_tren,
13132,Vitacura,micro,
13132,Vitacura,deporte_infra,
13132,Vitacura,municipios,
13132,Vitacura,ferias_libres,
13132,Vitacura,iglesias,
13132,Vitacura,museos,
13132,Vitacura,almacenes_barrio,
13132,Vitacura,bancos,
13132,Vitacura,malls,
13132,Vitacura,bencineras,
13132,Vitacura,estadios,
13125,Quilicura,educacion_escolar,
13125,Quilicura,educacion_superior,
13125,Quilicura,carabineros,
13125,Quilicura,bomberos,
13125,Quilicura,metro_tren,
13125,Quilicura,micro,
13125,Quilicura,deporte_infra,
13125,Quilicura,municipios,
13125,Quilicura,ferias_libres,
13125,Quilicura,iglesias,
13125,Quilicura,museos,
13125,Quilicura,almacenes_barrio,
13125,Quilicura,bancos,
13125,Quilicura,malls,
13125,Quilicura,bencineras,
13125,Quilicura,estadios,
13101,Santiago,educacion_escolar,
13101,Santiago,educacion_superior,
13101,Santiago,carabineros,
13101,Santiago,bomberos,
13101,Santiago,metro_tren,
13101,Santiago,micro,
13101,Santiago,deporte_infra,
13101,Santiago,municipios,
13101,Santiago,ferias_libres,
13101,Santiago,iglesias,
13101,Santiago,museos,
13101,Santiago,almacenes_barrio,
13101,Santiago,bancos,
13101,Santiago,malls,
13101,Santiago,bencineras,
13101,Santiago,estadios,
13503,Curacaví,educacion_escolar,
13503,Curacaví,educacion_superior,
13503,Curacaví,carabineros,
13503,Curacaví,bomberos,
13503,Curacaví,metro_tren,
13503,Curacaví,micro,
13503,Curacaví,deporte_infra,
13503,Curacaví,municipios,
13503,Curacaví,ferias_libres,
13503,Curacaví,iglesias,
13503,Curacaví,museos,
13503,Curacaví,almacenes_barrio,
13503,Curacaví,bancos,
13503,Curacaví,malls,
13503,Curacaví,bencineras,
13503,Curacaví,estadios,
13605,Peñaflor,educacion_escolar,
13605,Peñaflor,educacion_superior,
13605,Peñaflor,carabineros,
13605,Peñaflor,bomberos,
13605,Peñaflor,metro_tren,
13605,Peñaflor,micro,
13605,Peñaflor,deporte_infra,
13605,Peñaflor,municipios,
13605,Peñaflor,ferias_libres,
13605,Peñaflor,iglesias,
13605,Peñaflor,museos,
13605,Peñaflor,almacenes_barrio,
13605,Peñaflor,bancos,
13605,Peñaflor,malls,
13605,Peñaflor,bencineras,
13605,Peñaflor,estadios,
13602,El Monte,educacion_escolar,
13602,El Monte,educacion_superior,
13602,El Monte,carabineros,
13602,El Monte,bomberos,
13602,El Monte,metro_tren,
13602,El Monte,micro,
13602,El Monte,deporte_infra,
13602,El Monte,municipios,
13602,El Monte,ferias_libres,
13602,El Monte,iglesias,
13602,El Monte,museos,
13602,El Monte,almacenes_barrio,
13602,El Monte,bancos,
13602,El Monte,malls,
13602,El Monte,bencineras,
13602,El Monte,estadios,
13104,Conchalí,educacion_escolar,
13104,Conchalí,educacion_superior,
13104,Conchalí,carabineros,
13104,Conchalí,bomberos,
13104,Conchalí,metro_tren,
13104,Conchalí,micro,
13104,Conchalí,deporte_infra,
13104,Conchalí,municipios,
13104,Conchalí,ferias_libres,
13104,Conchalí,iglesias,
13104,Conchalí,museos,
13104,Conchalí,almacenes_barrio,
13104,Conchalí,bancos,
13104,Conchalí,malls,
13104,Conchalí,bencineras,
13104,Conchalí,estadios,
13109,La Cisterna,educacion_escolar,
13109,La Cisterna,educacion_superior,
13109,La Cisterna,carabineros,
13109,La Cisterna,bomberos,
13109,La Cisterna,metro_tren,
13109,La Cisterna,micro,
13109,La Cisterna,deporte_infra,
13109,La Cisterna,municipios,
13109,La Cisterna,ferias_libres,
13109,La Cisterna,iglesias,
13109,La Cisterna,museos,
13109,La Cisterna,almacenes_barrio,
13109,La Cisterna,bancos,
13109,La Cisterna,malls,
13109,La Cisterna,bencineras,
13109,La Cisterna,estadios,
13106,Estación Central,educacion_escolar,
13106,Estación Central,educacion_superior,
13106,Estación Central,carabineros,
13106,Estación Central,bomberos,
13106,Estación Central,metro_tren,
13106,Estación Central,micro,
13106,Estación Central,deporte_infra,
13106,Estación Central,municipios,
13106,Estación Central,ferias_libres,
13106,Estación Central,iglesias,
13106,Estación Central,museos,
13106,Estación Central,almacenes_barrio,
13106,Estación Central,bancos,
13106,Estación Central,malls,
13106,Estación Central,bencineras,
13106,Estación Central,estadios,
13401,San Bernardo,educacion_escolar,
13401,San Bernardo,educacion_superior,
13401,San Bernardo,carabineros,
13401,San Bernardo,bomberos,
13401,San Bernardo,metro_tren,
13401,San Bernardo,micro,
13401,San Bernardo,deporte_infra,
13401,San Bernardo,municipios,
13401,San Bernardo,ferias_libres,
13401,San Bernardo,iglesias,
13401,San Bernardo,museos,
13401,San Bernardo,almacenes_barrio,
13401,San Bernardo,bancos,
13401,San Bernardo,malls,
13401,San Bernardo,bencineras,
13401,San Bernardo,estadios,
13115,Lo Barnechea,educacion_escolar,
13115,Lo Barnechea,educacion_superior,
13115,Lo Barnechea,carabineros,
13115,Lo Barnechea,bomberos,
13115,Lo Barnechea,metro_tren,
13115,Lo Barnechea,micro,
13115,Lo Barnechea,deporte_infra,
13115,Lo Barnechea,municipios,
13115,Lo Barnechea,ferias_libres,
13115,Lo Barnechea,iglesias,
13115,Lo Barnechea,museos,
13115,Lo Barnechea,almacenes_barrio,
13115,Lo Barnechea,bancos,
13115,Lo Barnechea,malls,
13115,Lo Barnechea,bencineras,
13115,Lo Barnechea,estadios,
13502,Alhué,educacion_escolar,
13502,Alhué,educacion_superior,
13502,Alhué,carabineros,
13502,Alhué,bomberos,
13502,Alhué,metro_tren,
13502,Alhué,micro,
13502,Alhué,deporte_infra,
13502,Alhué,municipios,
13502,Alhué,ferias_libres,
13502,Alhué,iglesias,
13502,Alhué,museos,
13502,Alhué,almacenes_barrio,
13502,Alhué,bancos,
13502,Alhué,malls,
13502,Alhué,bencineras,
13502,Alhué,estadios,
13203,San José de Maipo,educacion_escolar,
13203,San José de Maipo,educacion_superior,
13203,San José de Maipo,carabineros,
13203,San José de Maipo,bomberos,
13203,San José de Maipo,metro_tren,
13203,San José de Maipo,micro,
13203,San José de Maipo,deporte_infra,
13203,San José de Maipo,municipios,
13203,San José de Maipo,ferias_libres,
13203,San José de Maipo,iglesias,
13203,San José de Maipo,museos,
13203,San José de Maipo,almacenes_barrio,
13203,San José de Maipo,bancos,
13203,San José de Maipo,malls,
13203,San José de Maipo,bencineras,
13203,San José de Maipo,estadios,
13103,Cerro Navia,educacion_escolar,
13103,Cerro Navia,educacion_superior,
13103,Cerro Navia,carabineros,
13103,Cerro Navia,bomberos,
13103,Cerro Navia,metro_tren,
13103,Cerro Navia,micro,
13103,Cerro Navia,deporte_infra,
13103,Cerro Navia,municipios,
13103,Cerro Navia,ferias_libres,
13103,Cerro Navia,iglesias,
13103,Cerro Navia,museos,
13103,Cerro Navia,almacenes_barrio,
13103,Cerro Navia,bancos,
13103,Cerro Navia,malls,
13103,Cerro Navia,bencineras,
13103,Cerro Navia,estadios,
13116,Lo Espejo,educacion_escolar,
13116,Lo Espejo,educacion_superior,
13116,Lo Espejo,carabineros,
13116,Lo Espejo,bomberos,
13116,Lo Espejo,metro_tren,
13116,Lo Espejo,micro,
13116,Lo Espejo,deporte_infra,
13116,Lo Espejo,municipios,
13116,Lo Espejo,ferias_libres,
13116,Lo Espejo,iglesias,
13116,Lo Espejo,museos,
13116,Lo Espejo,almacenes_barrio,
13116,Lo Espejo,bancos,
13116,Lo Espejo,malls,
13116,Lo Espejo,bencineras,
13116,Lo Espejo,estadios,
13110,La Florida,educacion_escolar,
13110,La Florida,educacion_superior,
13110,La Florida,carabineros,
13110,La Florida,bomberos,
13110,La Florida,metro_tren,
13110,La Florida,micro,
13110,La Florida,deporte_infra,
13110,La Florida,municipios,
13110,La Florida,ferias_libres,
13110,La Florida,iglesias,
13110,La Florida,museos,
13110,La Florida,almacenes_barrio,
13110,La Florida,bancos,
13110,La Florida,malls,
13110,La Florida,bencineras,
13110,La Florida,estadios,
13303,Tiltil,educacion_escolar,
13303,Tiltil,educacion_superior,
13303,Tiltil,carabineros,
13303,Tiltil,bomberos,
13303,Tiltil,metro_tren,
13303,Tiltil,micro,
13303,Tiltil,deporte_infra,
13303,Tiltil,municipios,
13303,Tiltil,ferias_libres,
13303,Tiltil,iglesias,
13303,Tiltil,museos,
13303,Tiltil,almacenes_barrio,
13303,Tiltil,bancos,
13303,Tiltil,malls,
13303,Tiltil,bencineras,
13303,Tiltil,estadios,
13129,San Joaquín,educacion_escolar,
13129,San Joaquín,educacion_superior,
13129,San Joaquín,carabineros,
13129,San Joaquín,bomberos,
13129,San Joaquín,metro_tren,
13129,San Joaquín,micro,
13129,San Joaquín,deporte_infra,
13129,San Joaquín,municipios,
13129,San Joaquín,ferias_libres,
13129,San Joaquín,iglesias,
13129,San Joaquín,museos,
13129,San Joaquín,almacenes_barrio,
13129,San Joaquín,bancos,
13129,San Joaquín,malls,
13129,San Joaquín,bencineras,
13129,San Joaquín,estadios,
13604,Padre Hurtado,educacion_escolar,
13604,Padre Hurtado,educacion_superior,
13604,Padre Hurtado,carabineros,
13604,Padre Hurtado,bomberos,
13604,Padre Hurtado,metro_tren,
13604,Padre Hurtado,micro,
13604,Padre Hurtado,deporte_infra,
13604,Padre Hurtado,municipios,
13604,Padre Hurtado,ferias_libres,
13604,Padre Hurtado,iglesias,
13604,Padre Hurtado,museos,
13604,Padre Hurtado,almacenes_barrio,
13604,Padre Hurtado,bancos,
13604,Padre Hurtado,malls,
13604,Padre Hurtado,bencineras,
13604,Padre Hurtado,estadios,
13121,Pedro Aguirre Cerda,educacion_escolar,
13121,Pedro Aguirre Cerda,educacion_superior,
13121,Pedro Aguirre Cerda,carabineros,
13121,Pedro Aguirre Cerda,bomberos,
13121,Pedro Aguirre Cerda,metro_tren,
13121,Pedro Aguirre Cerda,micro,
13121,Pedro Aguirre Cerda,deporte_infra,
13121,Pedro Aguirre Cerda,municipios,
13121,Pedro Aguirre Cerda,ferias_libres,
13121,Pedro Aguirre Cerda,iglesias,
13121,Pedro Aguirre Cerda,museos,
13121,Pedro Aguirre Cerda,almacenes_barrio,
13121,Pedro Aguirre Cerda,bancos,
13121,Pedro Aguirre Cerda,malls,
13121,Pedro Aguirre Cerda,bencineras,
13121,Pedro Aguirre Cerda,estadios,
13114,Las Condes,educacion_escolar,
13114,Las Condes,educacion_superior,
13114,Las Condes,carabineros,
13114,Las Condes,bomberos,
13114,Las Condes,metro_tren,
13114,Las Condes,micro,
13114,Las Condes,deporte_infra,
13114,Las Condes,municipios,
13114,Las Condes,ferias_libres,
13114,Las Condes,iglesias,
13114,Las Condes,museos,
13114,Las Condes,almacenes_barrio,
13114,Las Condes,bancos,
13114,Las Condes,malls,
13114,Las Condes,bencineras,
13114,Las Condes,estadios,
13505,San Pedro,educacion_escolar,
13505,San Pedro,educacion_superior,
13505,San Pedro,carabineros,
13505,San Pedro,bomberos,
13505,San Pedro,metro_tren,
13505,San Pedro,micro,
13505,San Pedro,deporte_infra,
13505,San Pedro,municipios,
13505,San Pedro,ferias_libres,
13505,San Pedro,iglesias,
13505,San Pedro,museos,
13505,San Pedro,almacenes_barrio,
13505,San Pedro,bancos,
13505,San Pedro,malls,
13505,San Pedro,bencineras,
13505,San Pedro,estadios,
13122,Peñalolén,educacion_escolar,
13122,Peñalolén,educacion_superior,
13122,Peñalolén,carabineros,
13122,Peñalolén,bomberos,
13122,Peñalolén,metro_tren,
13122,Peñalolén,micro,
13122,Peñalolén,deporte_infra,
13122,Peñalolén,municipios,
13122,Peñalolén,ferias_libres,
13122,Peñalolén,iglesias,
13122,Peñalolén,museos,
13122,Peñalolén,almacenes_barrio,
13122,Peñalolén,bancos,
13122,Peñalolén,malls,
13122,Peñalolén,bencineras,
13122,Peñalolén,estadios,
